{"properties": [
  {
    "name": "security.jwt.secret-key",
    "type": "java.lang.String",
    "description": "A description for 'security.jwt.secret-key'"
  },
  {
    "name": "security.jwt.expiration-time",
    "type": "java.lang.String",
    "description": "A description for 'security.jwt.expiration-time'"
  }
]} "description": "A description for 'security.jwt.secret-key'"
  },
  {
    "name": "security.jwt.expiration-time",
    "type": "java.lang.String",
    "description": "A description for 'security.jwt.expiration-time'"
  }
]}